Activity Type,Date,Favorite,Title,Distance,Calories,Time,Avg HR,Max HR,Aerobic TE,Avg Run Cadence,Max Run Cadence,Avg Pace,Best Pace,Total Ascent,Total Descent,Avg Stride Length,Avg Vertical Ratio,Avg Vertical Oscillation,Avg Ground Contact Time,Avg Run Cadence,Max Run Cadence,Training Stress ScoreÂ®,Max Avg Power (20 min),Avg Power,Max Power,Grit,Flow,Total Strokes,Avg. Swolf,Avg Stroke Rate,Total Reps,Dive Time,Min Temp,Surface Interval,Decompression,Best Lap Time,Number of Laps,Max Temp,Moving Time,Elapsed Time,Min Elevation,Max Elevation
Hiking,2022-12-21 10:40:56,false,"Monte Castello di Vibio Hiking","6.30","472","01:32:43","99","122","1.0","90","159","14:43","10:02","89","78","0.75","0.0","0.0","0","0","0","0.0","--","0","0","0.0","0.0","--","0","0","0","0:00","21.0","0:00","No","00:03.93.8","3","0.0","01:22:39","01:32:43","-59","-27"
Mountain Biking,2022-12-14 09:17:47,false,"Teignbridge Mountain Biking","12.81","916","01:08:34","153","188","4.2","0","0","11.2","28.7","175","174","0.00","0.0","0.0","0","0","0","0.0","--","0","0","28.2","3.2","--","0","0","0","0:00","15.0","0:00","No","14:19.80.2","3","0.0","01:00:25","01:08:34","158","267"
Running,2022-12-12 14:38:08,false,"Exeter Running","9.73","747","01:03:58","138","156","3.2","163","177","6:34","4:57","55","56","0.93","0.0","0.0","0","0","0","0.0","--","0","0","0.0","0.0","--","0","0","0","0:00","9.0","0:00","No","04:43.60.8","10","0.0","01:02:58","01:03:58","6","40"
Running,2022-12-07 15:48:15,false,"Exeter Running","5.66","444","00:41:19","127","151","2.9","139","232","7:18","3:29","27","25","1.01","0.0","0.0","0","0","0","0.0","--","0","0","0.0","0.0","--","0","0","0","0:00","15.0","0:00","No","05:35.67.4","6","0.0","00:34:22","00:41:19","8","23"
Running,2022-12-05 12:38:49,false,"Exeter Running","5.11","397","00:36:00","129","150","2.7","149","175","7:03","4:55","23","28","0.95","0.0","0.0","0","0","0","0.0","--","0","0","0.0","0.0","--","0","0","0","0:00","18.0","0:00","No","00:49.93.8","6","0.0","00:33:52","00:36:00","4","17"
Running,2022-12-02 15:08:53,false,"Exeter Running","8.26","621","00:49:36","137","149","3.2","167","174","6:00","5:26","18","19","1.00","0.0","0.0","0","0","0","0.0","--","0","0","0.0","0.0","--","0","0","0","0:00","18.0","0:00","No","01:26.81.8","9","0.0","00:49:04","00:49:36","6","20"
Running,2022-11-30 16:04:14,false,"Exeter Running","5.32","398","00:30:22","139","156","3.1","165","176","5:42","4:28","30","29","1.06","0.0","0.0","0","0","0","0.0","--","0","0","0.0","0.0","--","0","0","0","0:00","17.0","0:00","No","01:53.16.6","6","0.0","00:29:55","00:30:22","6","24"
Running,2022-11-29 16:06:28,false,"Exeter Running","7.25","568","00:42:17","145","168","3.5","160","192","5:50","0:35","38","52","1.08","0.0","0.0","0","0","0","0.0","--","0","0","0.0","0.0","--","0","0","0","0:00","17.0","0:00","No","01:18.41.6","8","0.0","00:40:52","00:42:17","10","38"
Hiking,2022-11-27 10:33:10,false,"Teignbridge Hiking","9.21","630","02:22:58","92","157","2.2","67","235","15:31","1:02","180","158","0.97","0.0","0.0","0","0","0","0.0","--","0","0","0.0","0.0","--","0","0","0","0:00","21.0","0:00","No","02:22:57.74.2","1","0.0","01:29:18","02:22:58","73","205"
Road Cycling,2022-11-25 13:09:59,false,"Exeter Road Cycling","18.38","559","00:52:33","0","0","0.1","0","0","21.0","30.2","29","34","0.00","0.0","0.0","0","0","0","0.0","--","0","0","0.0","0.0","--","0","0","0","0:00","11.0","0:00","No","08:40.18.4","3","0.0","00:49:14","01:02:36","-2","11"
Running,2022-11-24 15:34:36,false,"Exeter Running","8.27","619","00:49:37","135","150","3.2","163","174","6:00","4:57","25","27","1.02","0.0","0.0","0","0","0","0.0","--","0","0","0.0","0.0","--","0","0","0","0:00","16.0","0:00","No","01:24.94.5","9","0.0","00:49:01","00:49:37","3","24"
Running,2022-11-23 13:42:22,false,"Exeter Running","6.27","473","00:36:02","141","162","3.2","164","187","5:45","3:06","16","17","1.06","0.0","0.0","0","0","0","0.0","--","0","0","0.0","0.0","--","0","0","0","0:00","19.0","0:00","No","01:46.37.1","7","0.0","00:35:32","00:36:02","6","18"
Running,2022-11-22 13:23:10,false,"Exeter Running","8.28","643","00:48:16","148","165","3.6","165","176","5:50","3:59","35","35","1.04","0.0","0.0","0","0","0","0.0","--","0","0","0.0","0.0","--","0","0","0","0:00","16.0","0:00","No","01:30.55.9","9","0.0","00:48:04","00:48:16","0","21"
Running,2022-11-20 10:07:02,false,"Exeter Running","6.24","477","00:35:54","143","161","3.3","165","174","5:45","4:50","12","13","1.05","0.0","0.0","0","0","0","0.0","--","0","0","0.0","0.0","--","0","0","0","0:00","18.0","0:00","No","01:13.37.1","7","0.0","00:35:32","00:35:54","6","18"
Running,2022-11-17 17:01:03,false,"Exeter Running","7.27","577","00:43:40","147","161","3.3","163","242","6:00","5:19","36","31","1.02","0.0","0.0","0","0","0","0.0","--","0","0","0.0","0.0","--","0","0","0","0:00","14.0","0:00","No","01:32.35.6","8","0.0","00:43:10","00:43:40","9","31"
Pool Swimming,2022-11-16 08:14:07,false,"Pool Swimming","1,000","205","00:26:06","128","161","2.4","0","0","2:04","1:40","--","--","0.00","0.0","0.0","0","0","0","0.0","--","0","0","0.0","0.0","470","43","23","0","0:00","0.0","0:00","No","00:08.81.2","10","0.0","00:20:40","00:26:19","--","--"
Running,2022-11-15 16:11:50,false,"Exeter Running","6.25","513","00:40:07","145","160","3.3","150","173","6:25","4:30","20","25","1.06","0.0","0.0","0","0","0","0.0","--","0","0","0.0","0.0","--","0","0","0","0:00","13.0","0:00","No","04:40.21.8","7","0.0","00:36:19","00:40:07","3","27"
Running,2022-11-14 15:09:24,false,"Exeter Running","4.43","356","00:27:49","141","167","3.0","159","175","6:17","5:03","10","5","1.00","0.0","0.0","0","0","0","0.0","--","0","0","0.0","0.0","--","0","0","0","0:00","19.0","0:00","No","00:05.55.8","6","0.0","00:27:25","00:27:49","-37","-28"
Running,2022-11-07 13:56:42,false,"Exeter Running","4.48","407","00:28:29","157","179","3.4","166","174","6:21","5:26","38","30","0.95","0.0","0.0","0","0","0","0.0","--","0","0","0.0","0.0","--","0","0","0","0:00","20.0","0:00","No","03:04.03.3","5","0.0","00:28:23","00:28:29","62","75"
Cardio,2022-11-07 13:18:34,false,"Cardio","0.00","245","00:31:15","112","145","1.6","0","0","--","--","--","--","0.00","0.0","0.0","0","0","0","0.0","--","0","0","0.0","0.0","--","0","0","0","0:00","25.0","0:00","No","31:14.98.9","1","0.0","00:00:00","00:31:15","--","--"
Hiking,2022-10-22 09:16:54,false,"Cornwall Hiking","7.84","487","01:53:39","88","130","0.6","81","240","14:30","4:52","170","178","0.85","0.0","0.0","0","0","0","0.0","--","0","0","0.0","0.0","--","0","0","0","0:00","22.0","0:00","No","01:53:39.18.2","1","0.0","01:24:33","02:55:59","1","64"
Hiking,2022-10-15 12:30:11,false,"West Devon Hiking","7.34","726","02:12:24","102","156","2.4","70","237","18:02","6:08","260","315","0.79","0.0","0.0","0","0","0","0.0","--","0","0","0.0","0.0","--","0","0","0","0:00","16.0","0:00","No","02:12:23.53.4","1","0.0","01:28:03","02:12:24","273","485"
Running,2022-10-12 16:39:34,false,"Exeter Running","7.40","553","00:49:15","127","140","2.5","160","172","6:40","4:46","30","33","0.94","0.0","0.0","0","0","0","0.0","--","0","0","0.0","0.0","--","0","0","0","0:00","19.0","0:00","No","02:30.11.9","8","0.0","00:48:19","00:49:15","3","23"
Pool Swimming,2022-10-12 08:14:51,false,"Pool Swimming","1,225","251","00:30:21","131","160","2.6","0","0","2:02","1:32","--","--","0.00","0.0","0.0","0","0","0","0.0","--","0","0","0.0","0.0","567","42","23","0","0:00","0.0","0:00","No","00:01.67.7","10","0.0","00:24:53","00:30:29","--","--"
Running,2022-10-11 16:16:13,false,"Exeter Running","8.28","630","00:47:44","143","157","3.2","166","175","5:46","4:50","30","31","1.04","0.0","0.0","0","0","0","0.0","--","0","0","0.0","0.0","--","0","0","0","0:00","19.0","0:00","No","00:06.59.2","10","0.0","00:47:11","00:47:44","-3","20"
Road Cycling,2022-10-08 16:24:24,false,"Teignbridge Road Cycling","14.42","424","00:43:45","0","0","0.1","0","0","19.8","38.9","35","33","0.00","0.0","0.0","0","0","0","0.0","--","0","0","0.0","0.0","--","0","0","0","0:00","14.0","0:00","No","18:36.98.4","2","0.0","00:42:29","01:44:54","-0","9"
Road Cycling,2022-10-08 11:57:42,false,"Exeter Road Cycling","15.65","502","02:27:43","0","0","0.1","0","0","6.4","30.6","48","50","0.00","0.0","0.0","0","0","0","0.0","--","0","0","0.0","0.0","--","0","0","0","0:00","15.0","0:00","No","28:06.98.8","2","0.0","00:58:29","02:27:43","4","118"
Pool Swimming,2022-10-07 07:52:50,false,"Pool Swimming","1,200","248","00:27:38","142","168","3.0","0","0","2:02","1:45","--","--","0.00","0.0","0.0","0","0","0","0.0","--","0","0","0.0","0.0","555","42","23","0","0:00","0.0","0:00","No","00:09.55","8","0.0","00:24:17","00:27:51","--","--"
Running,2022-10-06 16:49:16,false,"Exeter Running","4.73","367","00:24:50","160","177","3.3","169","181","5:15","4:23","28","22","1.13","0.0","0.0","0","0","0","0.0","--","0","0","0.0","0.0","--","0","0","0","0:00","20.0","0:00","No","04:24.93","5","0.0","00:24:42","00:24:50","10","21"
Running,2022-10-04 16:05:57,false,"Exeter Running","8.25","641","00:47:00","149","158","3.5","167","189","5:42","4:52","19","17","1.05","0.0","0.0","0","0","0","0.0","--","0","0","0.0","0.0","--","0","0","0","0:00","21.0","0:00","No","01:17.82.1","9","0.0","00:46:49","00:47:00","5","18"
Running,2022-10-03 17:38:24,false,"Exeter Running","6.21","464","00:35:41","136","153","3.1","165","177","5:45","4:47","7","8","1.06","0.0","0.0","0","0","0","0.0","--","0","0","0.0","0.0","--","0","0","0","0:00","20.0","0:00","No","01:04.58.1","7","0.0","00:35:34","00:35:41","6","16"
Pool Swimming,2022-09-29 08:01:23,false,"Pool Swimming","1,000","214","00:28:42","134","159","2.7","0","0","1:57","1:44","--","--","0.00","0.0","0.0","0","0","0","0.0","--","0","0","0.0","0.0","463","41","24","0","0:00","0.0","0:00","No","00:01.10.1","10","0.0","00:19:25","00:28:50","--","--"
Running,2022-09-28 15:09:44,false,"Exeter Running","8.34","629","00:48:02","139","159","3.4","162","225","5:46","2:45","45","43","1.07","0.0","0.0","0","0","0","0.0","--","0","0","0.0","0.0","--","0","0","0","0:00","19.0","0:00","No","02:05.55.5","9","0.0","00:46:47","00:48:02","3","18"
Pool Swimming,2022-09-28 08:26:42,false,"Pool Swimming","1,200","248","00:29:34","128","151","2.3","0","0","2:01","1:46","--","--","0.00","0.0","0.0","0","0","0","0.0","--","0","0","0.0","0.0","546","42","23","0","0:00","0.0","0:00","No","00:00.74","10","0.0","00:24:12","00:29:42","--","--"
Running,2022-09-27 15:19:55,false,"Exeter Running","5.57","457","00:34:04","142","165","3.4","157","216","6:07","4:34","38","37","1.04","0.0","0.0","0","0","0","0.0","--","0","0","0.0","0.0","--","0","0","0","0:00","19.0","0:00","No","03:12.40.8","6","0.0","00:32:24","00:34:04","5","19"
Running,2022-09-22 18:46:10,false,"Exeter Running","4.52","355","00:28:32","132","149","2.9","155","175","6:18","4:11","23","20","1.02","0.0","0.0","0","0","0","0.0","--","0","0","0.0","0.0","--","0","0","0","0:00","21.0","0:00","No","03:14.04.4","5","0.0","00:27:03","00:28:32","10","20"
Pool Swimming,2022-09-22 08:17:42,false,"Pool Swimming","1,200","248","00:32:52","124","148","2.2","0","0","2:04","1:46","--","--","0.00","0.0","0.0","0","0","0","0.0","--","0","0","0.0","0.0","561","43","23","0","0:00","0.0","0:00","No","00:07.67.2","12","0.0","00:24:47","00:33:02","--","--"
Mountain Biking,2022-09-21 12:11:38,false,"Teignbridge Mountain Biking","21.23","1,706","02:56:34","140","193","5.0","0","0","7.2","28.0","534","496","0.00","0.0","0.0","0","0","0","0.0","--","0","0","64.4","3.6","--","0","0","0","0:00","22.0","0:00","No","10:12.76.3","5","0.0","01:54:50","03:49:56","136","267"
Running,2022-09-20 17:31:52,false,"Exeter Running","6.21","480","00:34:40","144","158","3.5","163","184","5:35","4:06","12","14","1.10","0.0","0.0","0","0","0","0.0","--","0","0","0.0","0.0","--","0","0","0","0:00","20.0","0:00","No","01:04.70.9","7","0.0","00:33:40","00:34:40","5","19"
Pool Swimming,2022-09-20 08:12:47,false,"Pool Swimming","1,200","243","00:35:06","131","156","2.6","0","0","2:04","1:50","--","--","0.00","0.0","0.0","0","0","0","0.0","--","0","0","0.0","0.0","584","43","24","0","0:00","0.0","0:00","No","00:01.06.2","12","0.0","00:24:45","00:35:13","--","--"
Road Cycling,2022-09-19 11:14:46,false,"Exeter Road Cycling","39.25","1,075","04:17:25","0","0","0.1","0","0","9.1","40.9","230","222","0.00","0.0","0.0","0","0","0","0.0","--","0","0","0.0","0.0","--","0","0","0","0:00","16.0","0:00","No","21:21.85.3","5","0.0","02:24:33","07:40:17","13","35"
Running,2022-09-14 17:31:30,false,"Rushmoor Running","9.42","753","00:57:52","146","183","3.8","161","185","6:09","3:36","121","123","1.01","0.0","0.0","0","0","0","0.0","--","0","0","0.0","0.0","--","0","0","0","0:00","22.0","0:00","No","02:15.47.5","10","0.0","00:57:41","00:57:52","60","104"
Running,2022-09-02 15:44:46,false,"Running","7.39","519","00:44:12","137","157","2.9","163","201","5:59","3:50","79","74","1.03","0.0","0.0","0","0","0","0.0","--","0","0","0.0","0.0","--","0","0","0","0:00","24.0","0:00","No","02:18.26.4","8","0.0","00:00:00","00:44:12","90","123"
Hiking,2022-08-29 10:09:21,false,"Mole Valley Hiking","14.09","1,104","03:23:06","102","151","1.7","88","248","14:24","0:57","531","550","0.79","0.0","0.0","0","0","0","0.0","--","0","0","0.0","0.0","--","0","0","0","0:00","24.0","0:00","No","03:23:06.32.5","1","0.0","02:42:07","03:53:11","41","219"
Mountain Biking,2022-08-26 17:22:55,false,"Rushmoor Mountain Biking","16.98","719","01:18:57","130","160","3.1","0","0","12.9","37.3","285","272","0.00","0.0","0.0","0","0","0","0.0","--","0","0","31.2","3.0","--","0","0","0","0:00","22.0","0:00","No","06:34.43.4","4","0.0","01:14:25","01:18:57","60","111"
Hiking,2022-08-25 08:39:17,false,"Gwynedd Hiking","13.75","1,973","04:38:16","123","176","3.8","76","229","20:14","6:40","1,044","1,040","0.65","0.0","0.0","0","0","0","0.0","--","0","0","0.0","0.0","--","0","0","0","0:00","21.0","0:00","No","04:38:15.95.5","1","0.0","03:25:13","04:51:24","63","1,081"
Mountain Biking,2022-08-23 16:56:57,false,"Rushmoor Mountain Biking","19.18","853","01:35:31","129","175","3.0","0","0","12.0","37.7","311","304","0.00","0.0","0.0","0","0","0","0.0","--","0","0","38.9","3.3","--","0","0","0","0:00","25.0","0:00","No","15:37.58.5","4","0.0","01:30:35","01:35:31","61","104"
Running,2022-08-22 17:58:15,false,"Rushmoor Running","8.95","693","00:58:52","134","158","3.1","157","172","6:35","4:50","86","84","0.97","0.0","0.0","0","0","0","0.0","--","0","0","0.0","0.0","--","0","0","0","0:00","22.0","0:00","No","05:42.38","9","0.0","00:57:05","00:58:52","61","94"
Mountain Biking,2022-08-17 09:13:22,false,"Wokingham Mountain Biking","54.28","2,514","04:07:59","139","190","5.0","0","0","13.1","43.1","747","736","0.00","0.0","0.0","0","0","0","0.0","--","0","0","68.7","2.5","--","0","0","0","0:00","22.0","0:00","No","15:29.20.5","11","0.0","03:40:55","04:43:19","120","304"
Running,2022-07-27 19:39:23,false,"Rushmoor Running","7.13","533","00:46:07","129","148","2.8","161","170","6:28","4:50","74","71","0.96","0.0","0.0","0","0","0","0.0","--","0","0","0.0","0.0","--","0","0","0","0:00","23.0","0:00","No","00:49.45.1","8","0.0","00:45:48","00:46:07","61","91"
Running,2022-07-26 16:55:25,false,"Rushmoor Running","10.28","807","01:00:50","145","175","3.8","163","175","5:55","4:38","144","140","1.03","0.0","0.0","0","0","0","0.0","--","0","0","0.0","0.0","--","0","0","0","0:00","23.0","0:00","No","01:25.44.5","11","0.0","01:00:41","01:00:50","61","107"
Mountain Biking,2022-07-20 11:59:30,false,"Hart Mountain Biking","12.11","653","01:06:12","134","173","3.3","0","0","11.0","37.1","218","222","0.00","0.0","0.0","0","0","0","0.0","--","0","0","24.4","3.3","--","0","0","0","0:00","26.0","0:00","No","07:30.80.5","3","0.0","00:54:28","01:06:12","43","83"
Running,2022-07-19 10:01:17,false,"Exeter Running","4.78","376","00:26:43","151","176","3.4","165","177","5:35","4:12","28","28","1.09","0.0","0.0","0","0","0","0.0","--","0","0","0.0","0.0","--","0","0","0","0:00","28.0","0:00","No","04:16.67.5","5","0.0","00:26:02","00:26:43","7","17"
Running,2022-07-15 12:03:34,false,"Exeter Running","7.53","635","00:44:33","155","184","4.1","162","237","5:55","4:36","97","96","1.04","0.0","0.0","0","0","0","0.0","--","0","0","0.0","0.0","--","0","0","0","0:00","26.0","0:00","No","02:53.85.6","8","0.0","00:43:58","00:44:33","9","64"
Running,2022-07-05 20:17:46,false,"Rushmoor Running","7.09","548","00:37:00","154","178","4.0","168","189","5:13","4:04","76","75","1.14","0.0","0.0","0","0","0","0.0","--","0","0","0.0","0.0","--","0","0","0","0:00","21.0","0:00","No","00:28.30.8","8","0.0","00:36:28","00:37:00","60","90"
Mountain Biking,2022-06-06 14:21:38,false,"Isle of Wight Mountain Biking","15.92","885","01:46:01","127","175","3.3","0","0","9.0","44.7","239","250","0.00","0.0","0.0","0","0","0","0.0","--","0","0","26.2","4.4","--","0","0","0","0:00","25.0","0:00","No","07:43.61.9","4","0.0","01:23:03","02:07:15","-1","101"
Mountain Biking,2022-06-06 11:11:33,false,"Isle of Wight Mountain Biking","12.95","1,059","01:56:01","132","185","3.4","0","0","6.7","35.4","381","439","0.00","0.0","0.0","0","0","0","0.0","--","0","0","41.7","3.8","--","0","0","0","0:00","24.0","0:00","No","26:27.65.1","3","0.0","01:17:31","01:56:01","11","139"
Mountain Biking,2022-06-03 12:40:57,false,"Isle of Wight Mountain Biking","10.39","610","01:03:59","123","176","2.6","0","0","9.7","42.3","173","127","0.00","0.0","0.0","0","0","0","0.0","--","0","0","14.4","3.5","--","0","0","0","0:00","23.0","0:00","No","02:24.74.8","3","0.0","00:48:55","02:19:59","54","157"
Running,2022-06-02 08:21:32,false,"Isle of Wight Running","4.83","478","00:38:42","140","173","3.0","139","216","8:01","5:17","178","181","0.90","0.0","0.0","0","0","0","0.0","--","0","0","0.0","0.0","--","0","0","0","0:00","19.0","0:00","No","05:48.07.5","5","0.0","00:35:20","00:38:42","17","119"
Pool Swimming,2022-06-01 07:12:48,false,"Pool Swimming","1,800","391","00:45:07","141","167","3.2","0","0","1:55","1:25","--","--","0.00","0.0","0.0","0","0","0","0.0","--","0","0","0.0","0.0","825","40","24","0","0:00","0.0","0:00","No","00:10.07.8","14","0.0","00:34:27","00:45:12","--","--"
Running,2022-05-30 12:28:28,false,"Cornwall Running","6.04","512","00:46:10","132","160","2.8","134","175","7:39","5:23","136","157","0.98","0.0","0.0","0","0","0","0.0","--","0","0","0.0","0.0","--","0","0","0","0:00","19.0","0:00","No","00:03.48.2","7","0.0","00:40:38","00:46:10","12","66"
Running,2022-05-29 09:15:28,false,"Cornwall Running","5.28","432","00:39:40","128","158","2.6","141","179","7:31","4:59","135","115","0.94","0.0","0.0","0","0","0","0.0","--","0","0","0.0","0.0","--","0","0","0","0:00","21.0","0:00","No","02:50.68.8","6","0.0","00:36:37","00:39:40","9","62"
Running,2022-05-28 18:55:59,false,"Cornwall Running","8.55","681","00:49:01","148","187","3.7","167","181","5:44","4:47","222","222","1.05","0.0","0.0","0","0","0","0.0","--","0","0","0.0","0.0","--","0","0","0","0:00","18.0","0:00","No","03:10.25.7","9","0.0","00:48:28","00:49:01","7","73"
Pool Swimming,2022-05-24 09:35:08,false,"Pool Swimming","1,500","304","00:38:26","126","155","2.5","0","0","1:55","1:11","--","--","0.00","0.0","0.0","0","0","0","0.0","--","0","0","0.0","0.0","676","32","23","0","0:00","0.0","0:00","No","00:26.99.3","14","0.0","00:28:51","00:38:42","--","--"
Running,2022-05-23 18:15:43,false,"South Gloucestershire Running","8.67","679","00:50:59","141","181","3.4","165","179","5:53","4:44","133","134","1.03","0.0","0.0","0","0","0","0.0","--","0","0","0.0","0.0","--","0","0","0","0:00","18.0","0:00","No","00:06.70.3","10","0.0","00:50:09","00:50:59","33","92"
Running,2022-05-18 17:13:19,false,"South Gloucestershire Running","5.29","388","00:28:41","137","170","3.1","169","193","5:25","3:32","56","52","1.09","0.0","0.0","0","0","0","0.0","--","0","0","0.0","0.0","--","0","0","0","0:00","20.0","0:00","No","00:11.98.2","7","0.0","00:28:29","00:28:41","66","96"
Pool Swimming,2022-05-18 07:31:13,false,"Pool Swimming","1,200","240","00:28:05","124","160","2.3","0","0","1:55","1:37","--","--","0.00","0.0","0.0","0","0","0","0.0","--","0","0","0.0","0.0","547","32","24","0","0:00","0.0","0:00","No","00:01.18.4","10","0.0","00:22:54","00:28:15","--","--"
Running,2022-05-16 18:42:30,false,"South Gloucestershire Running","5.17","386","00:25:09","161","187","3.5","174","185","4:52","4:18","49","52","1.18","0.0","0.0","0","0","0","0.0","--","0","0","0.0","0.0","--","0","0","0","0:00","21.0","0:00","No","00:45.32.7","6","0.0","00:25:01","00:25:09","65","91"
Pool Swimming,2022-05-12 09:40:32,false,"Pool Swimming","1,620","325","00:39:45","128","160","2.6","0","0","1:58","1:13","--","--","0.00","0.0","0.0","0","0","0","0.0","--","0","0","0.0","0.0","744","33","23","0","0:00","0.0","0:00","No","01:06.86.9","13","0.0","00:31:47","00:39:51","--","--"
Cardio,2022-05-11 14:57:42,false,"Cardio","0.00","508","00:56:10","120","176","2.6","0","0","--","--","--","--","0.00","0.0","0.0","0","0","0","0.0","--","0","0","0.0","0.0","--","0","0","0","0:00","27.0","0:00","No","56:09.87.4","1","0.0","00:00:00","00:56:10","--","--"
Running,2022-05-10 17:59:50,false,"South Gloucestershire Running","9.00","722","00:53:39","144","185","3.7","163","185","5:58","4:29","158","158","1.03","0.0","0.0","0","0","0","0.0","--","0","0","0.0","0.0","--","0","0","0","0:00","19.0","0:00","No","00:01.80.2","10","0.0","00:52:37","00:53:39","33","86"
Running,2022-05-09 18:18:27,false,"South Gloucestershire Running","5.15","385","00:29:24","135","154","3.0","169","175","5:43","5:04","52","55","1.04","0.0","0.0","0","0","0","0.0","--","0","0","0.0","0.0","--","0","0","0","0:00","22.0","0:00","No","00:45.14.8","6","0.0","00:29:14","00:29:24","65","92"
Pool Swimming,2022-05-09 09:28:17,false,"Pool Swimming","1,600","323","00:39:47","131","159","2.8","0","0","1:57","1:08","--","--","0.00","0.0","0.0","0","0","0","0.0","--","0","0","0.0","0.0","712","32","23","0","0:00","0.0","0:00","No","00:04.72.2","14","0.0","00:31:11","00:39:52","--","--"
Hiking,2022-05-07 10:50:21,false,"Monmouthshire Hiking","10.40","867","02:53:15","94","132","1.0","69","239","16:40","1:14","304","246","0.87","0.0","0.0","0","0","0","0.0","--","0","0","0.0","0.0","--","0","0","0","0:00","24.0","0:00","No","02:53:15.32.4","1","0.0","01:52:59","02:54:44","75","150"
Running,2022-05-06 20:12:16,false,"South Gloucestershire Running","5.19","395","00:30:30","136","153","2.9","166","181","5:53","4:49","46","48","1.02","0.0","0.0","0","0","0","0.0","--","0","0","0.0","0.0","--","0","0","0","0:00","17.0","0:00","No","00:58.52.5","6","0.0","00:30:03","00:30:30","69","94"
Pool Swimming,2022-05-06 09:03:15,false,"Pool Swimming","1,600","322","00:39:47","137","166","3.0","0","0","1:58","1:16","--","--","0.00","0.0","0.0","0","0","0","0.0","--","0","0","0.0","0.0","720","33","23","0","0:00","29.0","0:00","No","00:13.32.4","14","0.0","00:31:27","00:39:52","--","--"
Mountain Biking,2022-05-05 10:06:17,false,"North Somerset Mountain Biking","14.94","962","01:20:46","146","185","4.4","0","0","11.1","29.2","252","251","0.00","0.0","0.0","0","0","0","0.0","--","0","0","35.2","3.8","--","0","0","0","0:00","21.0","0:00","No","25:06.58.9","3","0.0","01:05:32","01:20:46","103","149"
Running,2022-05-04 16:10:18,false,"South Gloucestershire Running","9.24","731","00:54:24","140","183","3.9","164","182","5:53","4:10","122","122","1.03","0.0","0.0","0","0","0","0.0","--","0","0","0.0","0.0","--","0","0","0","0:00","23.0","0:00","No","01:46.20.3","10","0.0","00:52:45","00:54:24","17","90"
Running,2022-05-03 15:59:56,false,"South Gloucestershire Running","5.28","410","00:28:24","150","175","3.5","172","193","5:23","3:56","48","48","1.08","0.0","0.0","0","0","0","0.0","--","0","0","0.0","0.0","--","0","0","0","0:00","20.0","0:00","No","01:15.34.7","6","0.0","00:28:15","00:28:24","69","95"
Pool Swimming,2022-05-03 08:59:51,false,"Pool Swimming","1,600","321","00:39:49","130","172","3.0","0","0","1:59","1:18","--","--","0.00","0.0","0.0","0","0","0","0.0","--","0","0","0.0","0.0","725","33","23","0","0:00","0.0","0:00","No","00:01.68.2","15","0.0","00:31:37","00:40:09","--","--"
Hiking,2022-05-02 13:50:19,false,"North Somerset Hiking","10.24","633","02:23:11","86","122","0.8","89","233","13:59","5:05","288","320","0.80","0.0","0.0","0","0","0","0.0","--","0","0","0.0","0.0","--","0","0","0","0:00","21.0","0:00","No","00:04.76.5","3","0.0","01:59:42","02:23:12","107","335"
Treadmill Running,2022-04-28 17:20:46,false,"Treadmill Running","2.66","244","00:28:35","113","167","2.3","98","240","10:46","2:47","--","--","0.92","0.0","0.0","0","0","0","0.0","--","0","0","0.0","0.0","--","0","0","0","0:00","23.0","0:00","No","06:23.46","3","0.0","00:19:26","00:28:35","--","--"
Cardio,2022-04-28 16:20:16,false,"Cardio","0.00","600","00:54:21","127","183","3.2","0","0","--","--","--","--","0.00","0.0","0.0","0","0","0","0.0","--","0","0","0.0","0.0","--","0","0","0","0:00","27.0","0:00","No","54:20.66.2","1","0.0","00:00:00","00:54:21","--","--"
Running,2022-04-27 18:13:08,false,"South Gloucestershire Running","9.20","716","00:54:11","138","175","3.6","166","183","5:53","4:40","133","135","1.02","0.0","0.0","0","0","0","0.0","--","0","0","0.0","0.0","--","0","0","0","0:00","15.0","0:00","No","00:56.62.3","10","0.0","00:53:28","00:54:11","14","87"
Mountain Biking,2022-04-26 10:08:05,false,"North Somerset Mountain Biking","10.75","718","01:20:45","121","170","2.9","0","0","8.0","26.7","228","227","0.00","0.0","0.0","0","0","0","0.0","--","0","0","30.0","4.2","--","0","0","0","0:00","18.0","0:00","No","02:50.90.1","3","0.0","00:56:18","01:20:45","108","152"
Running,2022-04-25 19:12:02,false,"South Gloucestershire Running","5.31","408","00:29:24","140","162","3.3","166","183","5:32","4:21","53","50","1.08","0.0","0.0","0","0","0","0.0","--","0","0","0.0","0.0","--","0","0","0","0:00","17.0","0:00","No","01:35.18.3","6","0.0","00:28:42","00:29:24","69","99"
Running,2022-04-22 18:01:14,false,"South Gloucestershire Running","9.30","719","00:57:48","133","152","3.3","160","181","6:13","4:50","127","128","1.00","0.0","0.0","0","0","0","0.0","--","0","0","0.0","0.0","--","0","0","0","0:00","18.0","0:00","No","01:49.38.5","10","0.0","00:57:10","00:57:48","19","87"
Pool Swimming,2022-04-22 08:59:56,false,"Pool Swimming","1,400","280","00:36:38","118","148","2.3","0","0","2:00","1:33","--","--","0.00","0.0","0.0","0","0","0","0.0","--","0","0","0.0","0.0","631","33","23","0","0:00","0.0","0:00","No","00:01.37.1","10","0.0","00:27:58","00:36:54","--","--"
Running,2022-04-21 16:50:36,false,"South Gloucestershire Running","9.24","734","00:50:30","151","188","4.4","169","189","5:28","4:05","119","122","1.08","0.0","0.0","0","0","0","0.0","--","0","0","0.0","0.0","--","0","0","0","0:00","22.0","0:00","No","01:23.00","10","0.0","00:49:50","00:50:30","15","83"
Pool Swimming,2022-04-21 08:41:51,false,"Pool Swimming","1,380","276","00:34:58","132","162","3.1","0","0","1:56","1:21","--","--","0.00","0.0","0.0","0","0","0","0.0","--","0","0","0.0","0.0","614","32","23","0","0:00","0.0","0:00","No","00:01.40.6","12","0.0","00:26:43","00:35:20","--","--"
Running,2022-04-17 18:42:18,false,"Monte Castello di Vibio Running","5.23","436","00:32:13","143","184","3.3","166","246","6:10","5:21","132","122","0.98","0.0","0.0","0","0","0","0.0","--","0","0","0.0","0.0","--","0","0","0","0:00","13.0","0:00","No","01:18.74.2","6","0.0","00:32:06","00:32:13","167","280"
Pool Swimming,2022-04-07 08:56:28,false,"Pool Swimming","1,360","277","00:37:38","119","147","2.2","0","0","2:03","1:37","--","--","0.00","0.0","0.0","0","0","0","0.0","--","0","0","0.0","0.0","628","34","23","0","0:00","0.0","0:00","No","00:41.79.3","10","0.0","00:27:51","00:37:43","--","--"
Treadmill Running,2022-04-06 12:44:13,false,"Treadmill Running","2.15","197","00:14:48","138","184","2.5","148","221","6:53","2:25","--","--","0.83","0.0","0.0","0","0","0","0.0","--","0","0","0.0","0.0","--","0","0","0","0:00","23.0","0:00","No","06:09.68","2","0.0","00:14:15","00:14:48","--","--"
Cardio,2022-04-06 12:04:33,false,"Cardio","0.00","422","00:34:03","136","178","3.6","0","0","--","--","--","--","0.00","0.0","0.0","0","0","0","0.0","--","0","0","0.0","0.0","--","0","0","0","0:00","27.0","0:00","No","34:03.02.1","1","0.0","00:00:00","00:34:03","--","--"
Indoor Cycling,2022-04-05 15:35:58,false,"Exercise Bike","20.73","664","00:59:44","128","164","3.2","0","0","20.8","--","405","--","0.00","0.0","0.0","0","78","101","0.0","--","158","247","0.0","0.0","--","0","0","0","0:00","27.0","0:00","No","59:43.61.6","1","0.0","00:00:00","00:59:44","--","--"
Pool Swimming,2022-04-04 09:24:02,false,"Pool Swimming","1,400","280","00:35:15","128","166","2.7","0","0","2:00","1:39","--","--","0.00","0.0","0.0","0","0","0","0.0","--","0","0","0.0","0.0","645","33","23","0","0:00","0.0","0:00","No","00:04.60.7","10","0.0","00:28:06","00:35:37","--","--"
Hiking,2022-04-03 12:35:26,false,"Wiltshire Hiking","5.78","443","02:36:21","70","110","0.3","45","189","27:03","9:18","32","27","0.82","0.0","0.0","0","0","0","0.0","--","0","0","0.0","0.0","--","0","0","0","0:00","20.0","0:00","No","02:36:21.44.3","1","0.0","01:04:08","02:36:21","34","51"
Running,2022-04-01 17:45:29,false,"South Gloucestershire Running","9.29","719","00:53:53","143","160","3.6","169","182","5:48","4:44","130","133","1.02","0.0","0.0","0","0","0","0.0","--","0","0","0.0","0.0","--","0","0","0","0:00","13.0","0:00","No","01:44.45.9","10","0.0","00:53:36","00:53:53","18","90"
Pool Swimming,2022-04-01 08:49:41,false,"Pool Swimming","1,400","280","00:36:15","119","149","2.3","0","0","2:01","1:48","--","--","0.00","0.0","0.0","0","0","0","0.0","--","0","0","0.0","0.0","643","33","23","0","0:00","0.0","0:00","No","00:10.91.4","10","0.0","00:28:19","01:02:00","--","--"
Pool Swimming,2022-03-31 08:46:26,false,"Pool Swimming","1,400","280","00:36:13","123","148","2.5","0","0","2:00","1:44","--","--","0.00","0.0","0.0","0","0","0","0.0","--","0","0","0.0","0.0","651","33","23","0","0:00","0.0","0:00","No","00:03.12.8","10","0.0","00:28:00","00:36:24","--","--"
Treadmill Running,2022-03-30 14:44:52,false,"Treadmill Running","5.10","441","00:32:46","139","171","3.3","172","199","6:26","4:17","--","--","0.84","0.0","0.0","0","0","0","0.0","--","0","0","0.0","0.0","--","0","0","0","0:00","24.0","0:00","No","04:20.08.8","5","0.0","00:32:42","00:32:46","--","--"
Indoor Cycling,2022-03-30 13:42:09,false,"Exercise Bike","20.63","720","01:01:53","133","166","3.5","0","0","20.0","--","373","--","0.00","0.0","0.0","0","78","100","0.0","--","148","267","0.0","0.0","--","0","0","0","0:00","27.0","0:00","No","01:01:52.90.5","1","0.0","00:00:00","01:01:53","--","--"
Running,2022-03-25 16:51:44,false,"South Gloucestershire Running","5.30","398","00:27:52","146","174","3.4","171","185","5:15","4:19","50","50","1.11","0.0","0.0","0","0","0","0.0","--","0","0","0.0","0.0","--","0","0","0","0:00","19.0","0:00","No","01:27.18.1","6","0.0","00:27:30","00:27:52","66","94"
Pool Swimming,2022-03-24 08:45:39,false,"Pool Swimming","1,200","240","00:31:07","128","162","2.7","0","0","2:00","1:32","--","--","0.00","0.0","0.0","0","0","0","0.0","--","0","0","0.0","0.0","554","33","23","0","0:00","0.0","0:00","No","00:04.23","8","0.0","00:24:03","00:31:20","--","--"
Cardio,2022-03-23 13:22:22,false,"Cardio","0.00","448","00:55:39","113","153","2.6","0","0","--","--","--","--","0.00","0.0","0.0","0","0","0","0.0","--","0","0","0.0","0.0","--","0","0","0","0:00","27.0","0:00","No","55:38.60.1","1","0.0","00:00:00","00:55:39","--","--"
Running,2022-03-22 18:28:08,false,"South Gloucestershire Running","5.34","414","00:31:42","137","161","3.1","168","180","5:56","4:17","51","48","1.00","0.0","0.0","0","0","0","0.0","--","0","0","0.0","0.0","--","0","0","0","0:00","17.0","0:00","No","01:46.29.3","6","0.0","00:31:41","00:31:42","70","96"
Pool Swimming,2022-03-22 08:41:56,false,"Pool Swimming","1,200","240","00:39:43","120","159","2.4","0","0","1:56","1:28","--","--","0.00","0.0","0.0","0","0","0","0.0","--","0","0","0.0","0.0","547","32","24","0","0:00","0.0","0:00","No","00:03.45.3","8","0.0","00:23:16","00:39:48","--","--"
Hiking,2022-03-20 10:53:17,false,"Forest of Dean Hiking","11.62","983","02:57:51","97","154","2.1","84","249","15:18","6:10","421","410","0.78","0.0","0.0","0","0","0","0.0","--","0","0","0.0","0.0","--","0","0","0","0:00","19.0","0:00","No","02:57:51.26.1","1","0.0","02:17:24","02:57:54","31","169"
Cardio,2022-03-18 12:06:50,false,"Cardio","0.00","514","00:40:33","138","164","3.1","0","0","--","--","--","--","0.00","0.0","0.0","0","0","0","0.0","--","0","0","0.0","0.0","--","0","0","0","0:00","26.0","0:00","No","40:32.57.6","1","0.0","00:00:00","00:40:33","--","--"
Pool Swimming,2022-03-17 08:44:25,false,"Pool Swimming","1,220","245","00:31:23","128","154","2.7","0","0","1:58","0:56","--","--","0.00","0.0","0.0","0","0","0","0.0","--","0","0","0.0","0.0","553","33","23","0","0:00","0.0","0:00","No","00:00.80.9","9","0.0","00:23:59","00:31:29","--","--"
Treadmill Running,2022-03-16 14:46:01,false,"Treadmill Running","5.20","381","00:30:15","133","147","2.8","170","179","5:49","3:57","--","--","1.26","0.0","0.0","0","0","0","0.0","--","0","0","0.0","0.0","--","0","0","0","0:00","26.0","0:00","No","02:17.32.6","7","0.0","00:30:08","00:30:15","--","--"
Indoor Cycling,2022-03-16 13:45:53,false,"Exercise Bike","17.92","657","00:55:03","134","180","3.7","0","0","19.5","--","353","--","0.00","0.0","0.0","0","74","98","0.0","--","145","291","0.0","0.0","--","0","0","0","0:00","27.0","0:00","No","55:02.76","1","0.0","00:00:00","00:55:03","--","--"
Pool Swimming,2022-03-15 08:34:15,false,"Pool Swimming","1,240","252","00:43:57","125","168","2.8","0","0","1:55","0:56","--","--","0.00","0.0","0.0","0","0","0","0.0","--","0","0","0.0","0.0","564","32","24","0","0:00","0.0","0:00","No","00:01.84.2","9","0.0","00:23:49","00:44:02","--","--"
Pool Swimming,2022-03-14 08:27:48,false,"Pool Swimming","1,200","240","00:30:15","128","160","2.7","0","0","1:56","1:37","--","--","0.00","0.0","0.0","0","0","0","0.0","--","0","0","0.0","0.0","558","33","24","0","0:00","0.0","0:00","No","00:03.30.5","8","0.0","00:23:17","00:30:20","--","--"
Pool Swimming,2022-03-11 08:34:26,false,"Pool Swimming","1,200","240","00:30:47","135","167","3.0","0","0","1:58","1:33","--","--","0.00","0.0","0.0","0","0","0","0.0","--","0","0","0.0","0.0","558","33","24","0","0:00","0.0","0:00","No","00:57.67.2","8","0.0","00:23:33","00:30:52","--","--"
Pool Swimming,2022-03-10 08:24:23,false,"Pool Swimming","1,200","240","00:31:54","135","163","2.9","0","0","1:56","1:35","--","--","0.00","0.0","0.0","0","0","0","0.0","--","0","0","0.0","0.0","547","32","24","0","0:00","0.0","0:00","No","00:02.03.8","10","0.0","00:23:16","00:32:02","--","--"
Treadmill Running,2022-03-09 16:47:40,false,"Treadmill Running","4.16","232","00:20:23","125","134","2.2","167","175","4:54","4:06","--","--","1.22","0.0","0.0","0","0","0","0.0","--","0","0","0.0","0.0","--","0","0","0","0:00","24.0","0:00","No","00:47.13.8","5","0.0","00:20:22","00:20:23","--","--"
Indoor Cycling,2022-03-09 15:47:23,false,"Exercise Bike","16.95","584","00:50:12","132","168","3.3","0","0","20.3","--","296","--","0.00","0.0","0.0","0","75","94","0.0","--","143","233","0.0","0.0","--","0","0","0","0:00","26.0","0:00","No","50:12.00.9","1","0.0","00:00:00","00:50:12","--","--"
Treadmill Running,2022-03-08 16:11:36,false,"Treadmill Running","5.98","349","00:30:15","127","145","2.5","165","221","5:04","3:57","--","--","1.20","0.0","0.0","0","0","0","0.0","--","0","0","0.0","0.0","--","0","0","0","0:00","24.0","0:00","No","04:21.42.5","6","0.0","00:30:11","00:30:15","--","--"
Indoor Cycling,2022-03-08 15:28:22,false,"Exercise Bike","15.39","458","00:42:27","125","169","3.1","0","0","21.8","--","474","--","0.00","0.0","0.0","0","77","101","0.0","--","150","255","0.0","0.0","--","0","0","0","0:00","27.0","0:00","No","42:26.52","1","0.0","00:00:00","00:42:27","--","--"
Pool Swimming,2022-03-07 08:22:28,false,"Pool Swimming","1,200","240","00:32:19","127","164","2.8","0","0","1:58","1:31","--","--","0.00","0.0","0.0","0","0","0","0.0","--","0","0","0.0","0.0","548","33","23","0","0:00","0.0","0:00","No","00:00.82","12","0.0","00:23:32","00:32:28","--","--"
Pool Swimming,2022-03-04 09:16:57,false,"Pool Swimming","1,000","200","00:28:26","128","156","2.6","0","0","1:58","1:43","--","--","0.00","0.0","0.0","0","0","0","0.0","--","0","0","0.0","0.0","459","33","23","0","0:00","0.0","0:00","No","00:05.76.3","10","0.0","00:19:42","00:28:32","--","--"
Pool Swimming,2022-03-03 08:25:07,false,"Pool Swimming","1,020","211","00:26:29","126","156","2.5","0","0","2:02","1:26","--","--","0.00","0.0","0.0","0","0","0","0.0","--","0","0","0.0","0.0","468","34","23","0","0:00","0.0","0:00","No","00:09.31.7","10","0.0","00:20:41","00:26:38","--","--"
Treadmill Running,2022-03-02 14:53:23,false,"Treadmill Running","5.01","310","00:29:50","123","130","2.2","162","168","5:57","4:31","--","--","1.04","0.0","0.0","0","0","0","0.0","--","0","0","0.0","0.0","--","0","0","0","0:00","25.0","0:00","No","00:01.05.2","6","0.0","00:29:40","00:29:50","--","--"
Indoor Cycling,2022-03-02 14:02:23,false,"Exercise Bike","16.42","601","00:47:32","142","183","4.4","0","0","20.7","--","230","--","0.00","0.0","0.0","0","80","96","0.0","--","143","240","0.0","0.0","--","0","0","0","0:00","27.0","0:00","No","47:32.34.7","1","0.0","00:00:00","00:47:32","--","--"
Indoor Cycling,2022-03-01 16:45:01,false,"Exercise Bike","12.07","453","00:35:48","140","179","4.0","0","0","20.2","--","--","--","0.00","0.0","0.0","0","88","103","0.0","--","80","350","0.0","0.0","--","0","0","0","0:00","25.0","0:00","No","35:47.94.5","1","0.0","00:00:00","00:35:48","--","--"
Pool Swimming,2022-02-28 08:21:34,false,"Pool Swimming","1,000","200","00:28:03","119","154","2.4","0","0","1:57","1:29","--","--","0.00","0.0","0.0","0","0","0","0.0","--","0","0","0.0","0.0","460","33","24","0","0:00","0.0","0:00","No","00:15.68.4","10","0.0","00:19:27","00:28:08","--","--"
Hiking,2022-02-26 12:18:03,false,"Forest of Dean Hiking","3.90","356","00:57:07","98","151","2.5","89","247","14:38","6:51","139","134","0.77","0.0","0.0","0","0","0","0.0","--","0","0","0.0","0.0","--","0","0","0","0:00","19.0","0:00","No","57:06.52.8","1","0.0","00:46:06","01:41:03","32","163"
Hiking,2022-02-26 10:07:36,false,"Forest of Dean Hiking","9.29","638","01:56:58","98","144","1.8","99","245","12:36","8:21","245","234","0.80","0.0","0.0","0","0","0","0.0","--","0","0","0.0","0.0","--","0","0","0","0:00","21.0","0:00","No","01:56:57.79.6","1","0.0","01:45:09","01:56:58","31","198"
Indoor Cycling,2022-02-25 13:36:05,false,"Exercise Bike","15.82","418","00:43:20","122","149","3.0","0","0","21.9","--","127","--","0.00","0.0","0.0","0","77","93","0.0","--","116","196","0.0","0.0","--","0","0","0","0:00","28.0","0:00","No","43:20.04.7","1","0.0","00:00:00","00:43:20","--","--"
Pool Swimming,2022-02-24 08:23:04,false,"Pool Swimming","1,000","201","00:25:06","130","153","2.7","0","0","1:58","1:18","--","--","0.00","0.0","0.0","0","0","0","0.0","--","0","0","0.0","0.0","459","33","23","0","0:00","0.0","0:00","No","00:10.78.6","8","0.0","00:19:45","00:25:11","--","--"
Indoor Cycling,2022-02-23 16:50:03,false,"Exercise Bike","18.56","623","00:48:19","141","177","4.2","0","0","23.1","--","194","--","0.00","0.0","0.0","0","81","98","0.0","--","139","209","0.0","0.0","--","0","0","0","0:00","26.0","0:00","No","48:18.56.9","1","0.0","00:00:00","00:48:19","--","--"
Indoor Cycling,2022-02-22 16:24:36,false,"Exercise Bike","14.97","451","00:36:00","135","176","3.6","0","0","24.9","--","--","--","0.00","0.0","0.0","0","80","99","0.0","240","145","283","0.0","0.0","--","0","0","0","0:00","25.0","0:00","No","35:59.80.3","1","0.0","00:00:00","00:36:00","--","--"
Pool Swimming,2022-02-22 08:40:05,false,"Pool Swimming","1,000","200","00:29:38","119","156","2.3","0","0","1:57","1:40","--","--","0.00","0.0","0.0","0","0","0","0.0","--","0","0","0.0","0.0","471","33","24","0","0:00","0.0","0:00","No","00:01.15.1","12","0.0","00:19:28","00:32:14","--","--"
Pool Swimming,2022-02-21 08:11:07,false,"Pool Swimming","1,000","202","00:26:59","129","166","2.8","0","0","1:57","1:27","--","--","0.00","0.0","0.0","0","0","0","0.0","--","0","0","0.0","0.0","478","33","24","0","0:00","0.0","0:00","No","01:24.37.2","9","0.0","00:19:33","00:27:12","--","--"
Pool Swimming,2022-02-17 08:46:07,false,"Pool Swimming","1,000","200","00:31:34","128","161","2.9","0","0","2:02","1:37","--","--","0.00","0.0","0.0","0","0","0","0.0","--","0","0","0.0","0.0","460","34","24","0","0:00","0.0","0:00","No","00:08.20.4","15","0.0","00:20:46","00:33:11","--","--"
Pool Swimming,2022-02-15 08:28:59,false,"Pool Swimming","1,200","241","00:41:23","121","157","2.7","0","0","2:00","1:43","--","--","0.00","0.0","0.0","0","0","0","0.0","--","0","0","0.0","0.0","560","33","23","0","0:00","0.0","0:00","No","00:01.33.2","14","0.0","00:23:56","00:42:14","--","--"
Road Cycling,2022-01-17 11:56:51,false,"South Gloucestershire Road Cycling","23.17","809","01:02:32","0","0","0.1","0","0","22.2","48.2","202","198","0.00","0.0","0.0","0","0","0","0.0","--","0","0","0.0","0.0","--","0","0","0","0:00","6.0","0:00","No","19:40.73.7","3","0.0","00:59:28","01:02:32","47","86"
Cycling,2022-01-17 11:56:45,false,"South Gloucestershire Cycling","23.22","813","01:02:41","144","179","4.4","0","0","22.2","49.0","199","200","0.00","0.0","0.0","0","0","0","0.0","--","0","0","0.0","0.0","--","0","0","0","0:00","14.0","0:00","No","09:35.47.4","5","0.0","00:59:07","01:02:41","43","80"
Resort Skiing/Snowboarding,2022-01-14 09:40:29,false,"Nendaz Resort Skiing/Snowboarding","28.94","500","01:05:16","112","139","2.3","0","0","26.6","68.5","--","6,019","0.00","0.0","0.0","0","0","0","0.0","--","0","0","0.0","0.0","--","0","0","0","0:00","19.0","0:00","No","00:13.85.5","16","0.0","01:02:17","06:39:46","1,409","2,630"
Resort Skiing/Snowboarding,2022-01-13 09:00:31,false,"Nendaz Resort Skiing/Snowboarding","42.10","754","01:50:34","104","138","2.1","0","0","22.8","69.6","--","7,846","0.00","0.0","0.0","0","0","0","0.0","--","0","0","0.0","0.0","--","0","0","0","0:00","18.0","0:00","No","01:16.00.3","16","0.0","01:39:51","06:57:04","1,338","2,888"
Resort Skiing/Snowboarding,2022-01-12 10:45:24,false,"Nendaz Resort Skiing/Snowboarding","33.38","562","01:20:44","107","133","2.2","0","0","24.8","64.3","--","6,596","0.00","0.0","0.0","0","0","0","0.0","--","0","0","0.0","0.0","--","0","0","0","0:00","17.0","0:00","No","01:00.00","17","0.0","01:19:03","05:26:50","1,390","2,613"
Resort Skiing/Snowboarding,2022-01-11 09:08:06,false,"Nendaz Resort Skiing/Snowboarding","37.17","824","02:02:06","106","157","2.3","0","0","18.3","68.7","--","7,444","0.00","0.0","0.0","0","0","0","0.0","--","0","0","0.0","0.0","--","0","0","0","0:00","14.0","0:00","No","00:59.00.5","15","0.0","01:32:41","06:21:22","1,375","2,897"
Resort Skiing/Snowboarding,2022-01-10 10:51:43,false,"Nendaz Resort Skiing/Snowboarding","27.23","666","01:23:19","113","150","2.3","0","0","19.6","62.9","--","5,935","0.00","0.0","0.0","0","0","0","0.0","--","0","0","0.0","0.0","--","0","0","0","0:00","12.0","0:00","No","00:18.00.2","14","0.0","01:20:22","05:53:50","1,358","2,647"
Resort Skiing/Snowboarding,2022-01-09 13:40:51,false,"Nendaz Resort Skiing/Snowboarding","11.23","273","00:31:40","118","139","2.4","0","0","21.3","64.9","--","3,019","0.00","0.0","0.0","0","0","0","0.0","--","0","0","0.0","0.0","--","0","0","0","0:00","16.0","0:00","No","01:51.72.5","7","0.0","00:30:26","01:52:53","1,374","2,456"
Resort Skiing/Snowboarding,2022-01-09 10:02:09,false,"Nendaz Resort Skiing/Snowboarding","13.65","217","00:41:47","94","119","0.8","0","0","19.6","56.1","--","2,388","0.00","0.0","0.0","0","0","0","0.0","--","0","0","0.0","0.0","--","0","0","0","0:00","12.0","0:00","No","01:46.00.4","8","0.0","00:39:41","02:14:36","1,707","2,693"
Pool Swimming,2022-01-06 08:26:11,false,"Pool Swimming","1,000","227","00:25:29","127","163","2.7","0","0","1:49","1:26","--","--","0.00","0.0","0.0","0","0","0","0.0","--","0","0","0.0","0.0","440","38","24","0","0:00","0.0","0:00","No","00:02.77.9","12","0.0","00:18:08","00:25:35","--","--"
Pool Swimming,2022-01-05 08:10:37,false,"Pool Swimming","1,250","266","00:33:53","123","158","2.9","0","0","1:54","1:37","--","--","0.00","0.0","0.0","0","0","0","0.0","--","0","0","0.0","0.0","556","40","23","0","0:00","0.0","0:00","No","00:02.19.4","14","0.0","00:23:46","00:34:03","--","--"
Hiking,2022-01-02 12:31:23,false,"Powys Hiking","2.95","505","01:04:33","115","156","2.5","62","249","21:51","7:58","196","235","0.74","0.0","0.0","0","0","0","0.0","--","0","0","0.0","0.0","--","0","0","0","0:00","13.0","0:00","No","01:04:32.98.5","1","0.0","00:38:55","01:04:33","312","502"
Pool Swimming,2021-12-31 08:22:44,false,"Pool Swimming","1,000","211","00:25:49","128","155","2.8","0","0","1:59","1:43","--","--","0.00","0.0","0.0","0","0","0","0.0","--","0","0","0.0","0.0","455","41","23","0","0:00","0.0","0:00","No","00:11.39.5","12","0.0","00:19:46","00:25:56","--","--"
Pool Swimming,2021-12-30 08:15:12,false,"Pool Swimming","1,025","211","00:27:07","128","156","2.7","0","0","2:05","1:42","--","--","0.00","0.0","0.0","0","0","0","0.0","--","0","0","0.0","0.0","483","43","23","0","0:00","0.0","0:00","No","00:02.17.8","13","0.0","00:21:22","00:29:10","--","--"
Running,2021-12-26 09:31:05,false,"Rushmoor Running","7.04","503","00:51:25","126","149","--","153","243","7:18","5:27","39","80","0.89","0.0","0.0","0","0","0","0.0","--","0","0","0.0","0.0","--","0","0","0","0:00","0.0","0:00","No","00:14.06.9","8","0.0","00:51:03","00:51:25","17","74"
Running,2021-12-21 15:25:14,false,"South Gloucestershire Running","5.32","422","00:31:47","147","162","--","169","189","5:58","4:13","39","59","0.99","0.0","0.0","0","0","0","0.0","--","0","0","0.0","0.0","--","0","0","0","0:00","0.0","0:00","No","01:36.79.6","6","0.0","00:31:46","00:31:47","-13","70"
Cycling,2021-12-20 11:49:54,false,"North Somerset Cycling","11.56","703","01:19:20","121","163","--","0","0","8.7","31.5","213","240","0.00","0.0","0.0","0","0","0","0.0","--","0","0","0.0","0.0","--","0","0","0","0:00","0.0","0:00","No","12:17.87.7","3","0.0","00:55:08","01:19:20","5","109"
Running,2021-12-14 16:45:57,false,"South Gloucestershire Running","5.31","462","00:33:46","151","174","--","165","174","6:22","5:32","41","53","0.95","0.0","0.0","0","0","0","0.0","--","0","0","0.0","0.0","--","0","0","0","0:00","0.0","0:00","No","01:43.39.8","6","0.0","00:33:22","00:33:46","68","99"
Running,2021-12-09 15:45:59,false,"South Gloucestershire Running","9.31","763","01:02:08","143","168","--","157","237","6:40","5:22","98","154","0.95","0.0","0.0","0","0","0","0.0","--","0","0","0.0","0.0","--","0","0","0","0:00","0.0","0:00","No","01:46.73.4","10","0.0","01:01:04","01:02:08","-13","70"
Cycling,2021-12-02 10:17:02,false,"North Somerset Cycling","19.80","858","02:06:33","113","162","--","0","0","9.4","32.3","261","308","0.00","0.0","0.0","0","0","0","0.0","--","0","0","0.0","0.0","--","0","0","0","0:00","0.0","0:00","No","27:55.19.8","4","0.0","01:37:36","02:15:05","-31","71"
Running,2021-12-01 12:36:34,false,"South Gloucestershire Running","5.56","435","00:44:45","125","162","--","117","232","8:03","4:32","45","77","1.13","0.0","0.0","0","0","0","0.0","--","0","0","0.0","0.0","--","0","0","0","0:00","0.0","0:00","No","05:10.14.9","6","0.0","00:43:06","00:44:45","34","72"
Hiking,2021-11-27 11:29:10,false,"Monmouthshire Running","10.69","1,050","03:25:54","95","147","--","69","248","19:16","5:36","554","569","0.76","0.0","0.0","0","0","0","0.0","--","0","0","0.0","0.0","--","0","0","0","0:00","0.0","0:00","No","09:15.00.2","11","0.0","02:24:23","03:25:54","-30","571"
Road Cycling,2021-11-25 12:55:57,false,"South Gloucestershire Road Cycling","21.73","739","00:54:21","0","0","--","0","0","24.0","49.8","209","206","0.00","0.0","0.0","0","0","0","0.0","--","0","0","0.0","0.0","--","0","0","0","0:00","5.0","0:00","No","15:07.21.8","3","0.0","00:53:22","00:54:21","35","81"
